goster65:goster65
xkalashx1:xkalashx1
Eden83:Eden83
EpicHunter1:EpicHunter1
amnezia90:amnezia90
HeYa2001:HeYa2001
mailmjm1611:mailmjm1611
Balan51:Balan51
timothy11:timothy11
alexou888:alexou888
nickiller123:nickiller123
4mini4:4mini4
alexleone1994:alexleone1994
hagrid69:hagrid69
werner18:werner18
qay123qay123:qay123qay123
monster131:monster131
AsAUltima:AsAUltima92
marinozzo:marinozzo92
runeholm:runeholm92
Buakenze:Buakenze92
Sakitou:Sakitou92
gonzalo05:gonzalo0592
shakermab:shakermab92
Rushmoon:Rushmoon93
tacuna:tacuna93
poponauta:poponauta94
kalviny:kalviny94
cladi:cladi95
DarkPag:DarkPag95
LePelicanFou:LePelicanFou95
Despru:Despru95
withook:withook96
Berna9:Berna996
Gigati:Gigati96
Matteros:Matteros96
almepe:almepe96
chemasalva:chemasalva97
jegermingud:jegermingud97
MAKADUA:MAKADUA97
Desmann:Desmann99
Xmortis:Xmortis99
ralphamers:ralphamers99
Matrosav:Matrosav12
MiniatureWoo:MiniatureWoo98
lexhero:lexhero98
oiangrybirdx:oiangrybirdx98
NoNameXK:NoNameXK1995
crohann:crohann1995
jarrlao:jarrlao1995
Jasuxx:Jasuxx1993
rubimagna:rubimagna1993
Funsch:Funsch1993
zagawow:zagawow1993
Bartstyl:Bartstyl1993
maskdancer:maskdancer1993
Pallinger:Pallinger1994
ggbudalian:ggbudalian1994
ExHorus:ExHorus1994
iskaon:iskaon1996
basuony:basuony1996
