phidao:phidao97
Gravale:Gravale97
blayrex:blayrex99
dymothedevo:dymothedevo99
dunbarthemighty:dunbarthemighty99
alswlsghd:alswlsghd12
eugeneecho:eugeneecho12
Sagelightspeed:Sagelightspeed12
anianipop:anianipop98
WarSlasher:WarSlasher1995
